{"Tags":
	["[Rotation Test]", "[Translation Test]", "[Transform Test]", "[Pose-Update Test]", "[Force-Update Test]", "[Launch Test]", "[Neutral-Thrust Test]", "[PID-Convergence Test]", "[Throttle Test]"],
"Rotations": 
	[[[0, 0, 0], [1.5707963267948966, 0, 0], [0, 1.5707963267948966, 0], [0, 0, 1.5707963267948966], [1.5707963267948966, 1.5707963267948966, 0], [0, 1.5707963267948966, 1.5707963267948966], [7.853981633974483, 0, 0], [-1.5707963267948966, 0, 0]], 
	[[1, 2, 3], [1, 3, -2], [-3, 2, 1], [2, -1, 3], [-3, 1, -2], [-3, -1, 2], [1, 3, -2], [1, -3, 2]]],
"Translations": 
	[[0, 0, 0], [10, 0, 0], [0, 10, 0], [0, 0, 10], [10, 10, 0], [0, 10, 10], [-10, 0, 0]],
"Transforms": 
	[[0, 0, 0, 0, 0, 0], [10, 0, 0, 1.5707963267948966, 0, 0], [0, 0, 0, 0, 1.5707963267948966, 0], [0, 10, 0, 0, 0, 1.5707963267948966], [0, 0, 0, 1.5707963267948966, 1.5707963267948966, 0], [0, 0, 0, 0, 1.5707963267948966, 1.5707963267948966], [0, 10, 0, 7.853981633974483, 0, 0], [0, 0, 0, -1.5707963267948966, 0, 0]], 
"Pose-Updates": 
	[[[0, 0, 0, 0, 0, 0], [0, 10, 0, 0, 0, 0], [0, 0, 10, 0, 0, 0], [10, 10, 0, 0, 0, 0], [0, 0, 0, 1, 0, 0], [0, 0, 0, 1, 1, 0], [10, 0, 0, 1, 0, 0]], 
	[[0, 0, 0, 0, 0, 0], [0, 1.25, 0, 0, 0, 0], [0, 0, 1.25, 0, 0, 0], [1.25, 1.25, 0, 0, 0,0], [0, 0, 0, 0.125, 0, 0], [0, 0, 0, 0.125, 0.125, 0], [1.25, 0, 0, 0.125, 0, 0]]], 
"Force-Updates": 
	[[[0, 0, 0, 0], [100, 100, 100, 100], [100, 0, 0, 100], [100, 100, 0, 0], [100, 0, 100, 0]], 
	[[0, 0, -9.81, 0, 0, 0], [0, 0, -8.81, 0, 0, 0], [0, 0, -9.31, 0.5, 0, 0], [0, 0, -9.31, 0, 0.5, 0], [0, 0, -9.31, 0, 0, 0.5]]]}
